trial_index,arrow,sound_onset_psy,sound_onset_dev,arrow_onset_psy,arrow_onset_dev,response_key,rt_psy,rt_dev
1,none,6.2438325000111945,443.16492600000004,,,NaN,NaN,NaN
2,right,7.760465600003954,444.67807380000005,7.760465600003954,444.67807380000005,False,NaN,NaN
3,none,9.259148000011919,446.17682940000003,,,NaN,NaN,NaN
4,right,10.758941500011133,447.6752872,10.758941500011133,447.6752872,False,NaN,NaN
5,none,12.258974800002761,449.17405610000003,,,NaN,NaN,NaN
6,left,13.75780710001709,450.67373810000004,13.75780710001709,450.67373810000004,NaN,NaN,NaN
